place_id,type,reviews,rating
ChIJ__9bl1a2lUcRNdh47UKjaME,Internist,,
ChIJb_8wedR9C0ERworvTyoYpAk,Internist,17.0,4.6
ChIJmWfsyAO3lUcRwnneMuvfF-s,Internist,13.0,4.9
ChIJMaKoUAK3lUcRN78Q4Il64QE,Internist,2.0,1.0
ChIJ_0NI6QO3lUcRKZLUqas4O2c,Internist,1.0,5.0
ChIJhbi5CgS3lUcRK39K_A3yfaA,Internist,23.0,4.9
ChIJ-XqZBQO3lUcRgU_UorfiTHk,Internist,47.0,4.2
ChIJu6zfm1a2lUcRjMHQj8AotUs,Internist,32.0,4.8
ChIJBS3wxgO3lUcRI0JLLbFuoyE,Internist,12.0,4.3
ChIJQ9nSWQK3lUcR55InmiswUtg,Doctor,98.0,4.0
ChIJFyC_WgK3lUcRslcCQhia4qY,Doctor,,
ChIJBS3wxgO3lUcR_kw8V1vXHTE,Doctor,35.0,3.5
ChIJMaKoUAK3lUcRKCSq46bZj9A,Doctor,49.0,3.6
ChIJ3VvEpAC3lUcRgOr6LKT11pk,Doctor,,
ChIJBS3wxgO3lUcRIAc-FbETxj8,Doctor,38.0,4.4
ChIJ3VvEpAC3lUcRlc20BxCX1Uw,Doctor,1.0,5.0
ChIJue5JtZ63lUcRzmSk03-B-DM,Doctor,70.0,4.9
ChIJl5pADwO3lUcRq9LvvPepzko,Doctor,3.0,3.7
ChIJoYcSfNR9C0ERwey7KahBdJU,Doctor,46.0,3.6
ChIJWSR5L1K2lUcRaqA7l7TDjq0,Doctor,2.0,3.5
ChIJAZ1kpAO3lUcReixs3oK6QAc,Doctor,38.0,4.4
ChIJ3VvEpAC3lUcRO7Ee4NBlNMA,Doctor,,
ChIJG4E81Fa2lUcRMebyAhuqbg4,Doctor,,
ChIJl5pADwO3lUcRXd7q4GDm330,Doctor,4.0,4.0
ChIJOR-njTS3lUcRAPvWxEnMVmc,Doctor,139.0,4.2
ChIJBS3wxgO3lUcR2L3STzM8ckM,Doctor,29.0,4.2
ChIJ_0NI6QO3lUcRbRehiFbVwIs,Doctor,1.0,1.0
ChIJFyC_WgK3lUcR-aJeioHQi0k,Doctor,69.0,4.3
ChIJe_byE2ixlUcReIZGAYCECOI,Doctor,1.0,4.0
ChIJq6omyQO3lUcRcsKXwLp4l2Y,Doctor,20.0,4.8
ChIJac3SkVa2lUcRJnV_n8suXio,Doctor,54.0,4.3
ChIJl5pADwO3lUcRoHTUgZ_lbWA,Doctor,52.0,4.5
ChIJl5pADwO3lUcRNJVfsLtX-do,Doctor,12.0,4.3
ChIJa9HUzQO3lUcRjvMtDjvjz1k,Doctor,45.0,3.6
ChIJA8wxGeC2lUcRaXp2Nsr-IUE,Doctor,1.0,5.0
ChIJDYApWrC3lUcR6nMVgfm14AA,Doctor,3.0,5.0
ChIJ_0NI6QO3lUcRQuMfbWFR-0o,Doctor,35.0,4.0
ChIJGbCW9Te3lUcRQ_mg3HD5Do4,Doctor,33.0,3.8
ChIJv_qjdwG3lUcRSElBlKj2eBs,Doctor,75.0,3.4
ChIJ4Q4Stgu3lUcRq4LkoogU2pM,Doctor,,
ChIJ3ZO6fQG3lUcROlE-bHYuQs4,Doctor,4.0,4.8
ChIJMaKoUAK3lUcRXzUcvTsAUxY,Doctor,21.0,4.4
ChIJfV7Q9gO3lUcRV961gJAok3E,Doctor,42.0,4.5
ChIJ-whCTRy0lUcRcFPXAeFxy6A,Doctor,9.0,4.6
ChIJ_0NI6QO3lUcRToW7pvA2qgg,Doctor,12.0,4.1
ChIJIwq_SR63lUcRv2Kc_hi57xg,Metal construction company,1.0,5.0
ChIJlSKkNPuzlUcREWYR4wmo5YY,Metal construction company,12.0,4.3
ChIJu33q4eW3lUcRg89MTTixQEE,Metal construction company,13.0,5.0
ChIJJyoyO0pE2WQROQ5HBk_fM3A,Metal construction company,1.0,5.0
ChIJpYMw3AS3lUcR7kTzFDmcVgI,General contractor,37.0,4.6
ChIJd1318Qa3lUcRZaGji4cW6jI,General contractor,6.0,4.8
ChIJp1OdkqO3lUcRyAJQnEjInpg,General contractor,15.0,5.0
ChIJZZuQ4x23lUcRVuVI_toItEA,General contractor,4.0,4.3
ChIJhfe1EKK2lUcRlVtO4o9977s,General contractor,8.0,4.3
ChIJofWniFK2lUcRghYpwpYUmxk,General contractor,17.0,4.8
ChIJjVIm7Qe3lUcRrW4Vq6MPt_0,General contractor,11.0,4.3
ChIJY7hQVhG3lUcRgOhjkhfKuYk,General contractor,141.0,4.5
ChIJAwA8dAO3lUcRytVHbu6ecAQ,General contractor,18.0,4.4
ChIJW0VTIA63lUcR3LkM_-Nh-Xo,General contractor,3.0,5.0
ChIJM2XTMaq3lUcRXW-BDoaVRmk,General contractor,4.0,4.0
ChIJE60TMQK3lUcRwDV16BwxFvc,General contractor,4.0,5.0
ChIJ5yJqm9-2lUcRc4aA8XgOAGo,General contractor,5.0,3.6
ChIJRW_WGRy3lUcRkEUIzfYdgmE,General contractor,3.0,5.0
ChIJB09Nmd-2lUcRx1z4_tC1GYg,General contractor,26.0,4.4
ChIJwRaeZcq3lUcR5zDOlZj3oGo,General contractor,18.0,4.9
ChIJTY8Hrx-3lUcRrz3A1vZuj7U,General contractor,,
ChIJW1d3buK2lUcRGlmrNHL-Qkc,General contractor,2.0,3.0
ChIJfxTRIeK2lUcRwTQJ9kjQiCI,General contractor,19.0,4.4
ChIJMTVkBQe3lUcRmXT5j6uHKj4,General contractor,2.0,5.0
ChIJsUwJWCC3lUcRkiCgVmQM-_Q,General contractor,2.0,5.0
ChIJUc6Fv6W2lUcRxmIPEd2sUzU,General contractor,2.0,1.0
ChIJEc29Gge3lUcRP2RaDYPy2-g,General contractor,7.0,4.4
ChIJ2YnFVAC3lUcRNI12JWFRabA,General contractor,,
ChIJOYQtn9q2lUcRgLvSR5F1ePw,General contractor,1.0,4.0
ChIJdWtHw-C2lUcRKzpNj2iro_U,General contractor,3.0,2.3
ChIJG1faYB63lUcRA3-3giH6uSU,General contractor,,
ChIJEw2kZlG2lUcR1beNZmmpxVg,General contractor,1.0,5.0
ChIJfWPZDee2lUcRrEUrLW-vHn4,General contractor,15.0,5.0
ChIJOegRI-K2lUcRMgEzEH3q1h0,General contractor,1.0,5.0
ChIJNa8Q_du2lUcRCpWvNMLAHyQ,General contractor,7.0,4.9
ChIJUYr8gfy2lUcR5MHYtIhtZo4,General contractor,10.0,5.0
ChIJe3szDKa2lUcRgePVLUPEf9I,General contractor,92.0,4.8
ChIJOegRI-K2lUcRkF9tBGXXSm0,Construction company,8.0,4.1
ChIJKeeapRy3lUcRjXmBRLD8Log,Construction company,10.0,4.6
ChIJjwIBGKy3lUcRYs9DaCcJixs,Construction company,2.0,5.0
ChIJO5K_6BG3lUcRg_BC-W7oBMs,Construction company,5.0,4.4
ChIJVVVxX9-2lUcRZlPOn-9Y_4k,Construction company,5.0,5.0
ChIJjQ43jwS3lUcRBjgGaBFuXGY,Construction company,16.0,3.9
ChIJ72otxQ23lUcRrwlbrwbw2eg,Construction company,,
ChIJH39DIOC2lUcRngWhmhMTpek,Construction company,,
ChIJFbUWuAO3lUcRe1XaFWFLZTo,Construction company,1.0,5.0
ChIJ5VTpDsK3lUcRKVegEPtbbww,Construction company,5.0,4.2
ChIJE9V-SE22lUcR1XB0SBIHasg,Construction company,3.0,3.7
ChIJl3AQuwO3lUcRu6C6m2sB5ek,Construction company,137.0,4.8
ChIJLy-E7ay3lUcR3hcTPXfdi_Q,Construction company,1.0,5.0
ChIJTzHWpzG3lUcROYCRxYt6vAc,Construction company,,
ChIJj8LT9QO3lUcRekz2GBsEgVY,Construction company,265.0,4.9
ChIJwyuYfTXRlUcR9w_dNk1E4no,Construction company,1.0,5.0
ChIJZW_2BAG3lUcRHhknqgIspkk,Construction company,10.0,4.6
ChIJA-bUfzK3lUcReNJh8xydpJQ,Construction company,,
ChIJi9rPDN22lUcRl6fKBPFa3oQ,Construction company,1.0,1.0
ChIJbaPv0wW3lUcRZSzyxVB-nnw,Construction company,8.0,5.0
ChIJK5WctQK3lUcRt04L6Lya37E,Construction company,2.0,3.5
ChIJ457J6t62lUcRIXKQFCvd_Lo,Construction company,2.0,5.0
ChIJDT6k6xO3lUcRFEfZ4WN38-w,Construction company,215.0,4.3
ChIJQV8T29G3lUcRB_iQevvCoI0,Construction company,42.0,5.0
ChIJsWGBcQG3lUcR1xKeCpfgG1w,Construction company,2.0,5.0
ChIJr3bVYQC3lUcRbNZlFodlrrY,Building firm,,
ChIJN3vp8xq0lUcRVJyMGagQ96g,Home builder,,
ChIJn7OnQQS3lUcRIM6yfdGapBk,Home builder,24.0,5.0
ChIJM6Y47au3lUcRdX7URzEHEp0,Home builder,13.0,4.2
ChIJ7SJydAS3lUcRaJ3XCRLj44M,Home builder,,
ChIJqbnqtga3lUcRx648ir3pWH8,Home builder,10.0,4.8
ChIJP8S8Qwm3lUcRVSXTpWG4md8,Home builder,2.0,3.0
ChIJW2BPZK63lUcRUgQPalGaIqA,Home builder,1.0,5.0
ChIJf6vndQO3lUcRlQH2RQpAoVc,Home builder,6.0,2.3
ChIJDXAn2hO3lUcRKjN6LzmHuoI,Home builder,8.0,4.5
ChIJWz951BO3lUcRlDclPeTddcc,Home builder,1.0,5.0
ChIJNRYVxwi3lUcRu-S4lKQ7SSk,Home builder,,
ChIJ6zyB_BG3lUcRS7hMZ5U725M,Home builder,5.0,3.4
ChIJoc_Tfga3lUcRh7PgieODX-Y,Home builder,84.0,4.6
ChIJLV3PxNO3lUcR421tlSxjGu8,Home builder,,
ChIJqSsSRRC3lUcRto5ehWXnfGM,Home builder,6.0,3.0
ChIJXwk6N1W2lUcR7B6UDOpLsAM,Home builder,1.0,5.0
ChIJ955KjBa3lUcRJ07l41rzbRE,Interior designer,753.0,4.3
ChIJSUc_MAK3lUcRTCLQjtWfe8o,Interior designer,15.0,4.7
ChIJHUDReuK2lUcRvFQI8Mc3NJw,Window supplier,111.0,4.8
ChIJiayBWQK3lUcR84r_rC8Zz6Q,Naturopathic practitioner,14.0,5.0
ChIJr5sdvx23lUcRpS-g5aNiJhg,Non-profit organization,,
ChIJgw4hf6m3lUcRTJntUZOFVFg,Non-profit organization,12.0,4.3
ChIJXULiswO3lUcRwPZxfP445bs,Non-profit organization,12.0,4.2
ChIJR7fgBg63lUcR6ATpWeCN4Cc,Non-profit organization,35.0,3.7
ChIJo2SAqPu3lUcRs1A2jpBjCn4,Non-profit organization,,
ChIJf7bTV8W2lUcRQenvmdpfNws,Non-profit organization,2.0,4.5
ChIJZ4dhQgC3lUcRnMx8ZqSsO88,Non-profit organization,1.0,5.0
ChIJYwOTIPi3lUcROX6U2tRLlsM,Non-profit organization,,
ChIJocuJmwG3lUcRdcbIL78C1Ro,Non-profit organization,,
ChIJQU8ekQi3lUcRup6jI8XfSkI,Non-profit organization,3.0,5.0
ChIJladpgA23lUcRw8fCTBsFTBY,Charity,4.0,2.0
ChIJk9eINQK3lUcRhw_PuGk38BY,Association / Organization,13.0,3.8
ChIJUaCQAB23lUcR_Dc9pdQBVtw,Association / Organization,,
ChIJDRZ_dQa3lUcRUsOZ06aEYYQ,Association / Organization,10.0,4.8
ChIJB2EsyAK3lUcRIGOSkp-mThs,Association / Organization,1.0,4.0
ChIJvWLRiNi2lUcRYjSvXOaSoso,Association / Organization,6.0,4.5
ChIJxfLCdAa3lUcRp14gGFaYdnw,Association / Organization,24.0,3.9
ChIJR5YTGBu3lUcRIoG6t-mDxg4,Association / Organization,1.0,5.0
ChIJAQD0UQ-3lUcRuzFLIqauw_A,Association / Organization,,
ChIJnajBgJu3lUcRELwNPmu4_RM,Association / Organization,,
ChIJ80IEaRu3lUcRlyPhjazbmcE,Association / Organization,1.0,5.0
ChIJr6W26Ai3lUcR8aIrTJqIgvU,Association / Organization,3.0,4.7
ChIJxatCaZa1lUcRP2B5KQm_Ea0,Association / Organization,57.0,3.7
ChIJaw4LsgO3lUcRJTY_wQPY67w,Association / Organization,10.0,4.9
ChIJlxIQ9R23lUcRtgiIVQsG6V0,Association / Organization,66.0,4.3
ChIJq-k5k2a3lUcRqx_13uV6zSk,Association / Organization,,
ChIJLQkgnBu3lUcRGxz302AoTaU,Association / Organization,1.0,5.0
ChIJVVXZ5QG3lUcRlTlwmFL_p8Q,Association / Organization,,
ChIJEd2qdP62lUcRD7EO6nuH61M,Association / Organization,1.0,5.0
ChIJcwp73wO3lUcRJZ3Hkr_LbWI,Association / Organization,44.0,4.5
ChIJq1DTZmm3lUcRfmz0866xio8,Association / Organization,8.0,4.8
ChIJwZO_t5i2lUcR0f_aC9qq20Y,Association / Organization,1.0,5.0
ChIJjed5DGe3lUcRj2D6fdvDOmc,Association / Organization,7.0,1.4
ChIJMTNouxW3lUcRyPvyGsGA1ts,Association / Organization,,
ChIJfQ7KVQG3lUcR_tVfCnly4qE,Association / Organization,20.0,4.6
ChIJ0wh6Awm3lUcRfzxq1-ExqTc,Association / Organization,62.0,4.1
ChIJCQINPF23lUcR85i2_EPEEEs,Association / Organization,12.0,4.4
ChIJR7HlOuW3lUcRZoRYJoLy7Ik,Association / Organization,4.0,5.0
ChIJnWiM8wC1lUcR2M5s1ssTeM4,Association / Organization,2.0,5.0
ChIJx1hgVgi3lUcRaC4ylEO4-7E,Association / Organization,1.0,4.0
ChIJn8S1xgO3lUcRCv-lsZeRfn0,Association / Organization,,
ChIJi7vqut-2lUcRarudhmJ3GYc,Association / Organization,1.0,4.0
ChIJfdHTdVa2lUcRXPvU8Uv4PUE,Association / Organization,,
ChIJ077vTQG3lUcReWFIvEeogRw,Association / Organization,8.0,4.1
ChIJyTOKu9i2lUcRGJJ41Hw-Hsk,Association / Organization,11.0,3.7
ChIJ6T80E_u2lUcRApZLpspwFP4,Association / Organization,,
ChIJJxH0Dcm3lUcRHGNbdTQsyH4,Thrift store,32.0,4.6
ChIJnd937gO3lUcRhg4SV-33tHg,Thrift store,32.0,4.3
ChIJIblHLw63lUcRZHDvcVcmtWs,Thrift store,148.0,4.8
ChIJuz_-QwC3lUcRFX-bEiNDZCE,Thrift store,129.0,4.7
ChIJBzdghwG3lUcR3YFmv3uPDuw,Club,44.0,4.2
ChIJvxzVqNy2lUcRyBBXmMXNNOA,Club,364.0,3.6
ChIJx1hgVgi3lUcRUq61iz90Niw,Club,391.0,4.0
ChIJC6VOCuG2lUcRT0HhiGUyZTU,Club,849.0,4.3
ChIJCaTpZB23lUcRZo6qcT4CZso,Club,52.0,3.8
ChIJO8aONQS3lUcRBrV5LyFB9SY,Youth center,4.0,4.8
ChIJsz8UlVO2lUcRpxtln70xGtw,Day care center,2.0,5.0
ChIJF314jxG3lUcRjZgLj8Qpu28,Day care center,3.0,3.7
ChIJ4cZI7Pu2lUcRvlQxutXizX4,Day care center,2.0,5.0
ChIJF6k5LAK3lUcRxSOrE-g_-h0,Nursing home,,
ChIJ3VvEpAC3lUcRphv73qykR40,Nursing home,,
ChIJ3VvEpAC3lUcRyfBrjh_FqhM,Nursing home,132.0,3.5
ChIJofTqywO3lUcRcDuB6L-2ZtY,Nursing home,16.0,4.4
ChIJ542mz5m3lUcRM3uQ1Z2-tcw,Nursing home,,
ChIJW2ez7gO3lUcRwGBnaBPaw5Y,Nursing home,13.0,5.0
ChIJdcRJEJ23lUcRAy6hOuTK9wQ,Nursing home,11.0,4.6
ChIJBzdghwG3lUcRiz3ZXjuBC6c,Nursing home,246.0,3.7
ChIJpfhj_XK3lUcRwkZ8XRS_mno,Nursing home,1.0,1.0
ChIJR8SBKpi3lUcR3Uf_SbFXsws,Nursing home,6.0,3.8
ChIJazR2Tty3lUcRIv-N6AilGT8,Apartment building,,
ChIJHwqhYAC3lUcRyM92vIjqB7k,Apartment building,,
ChIJpekLnwS3lUcRAcvmler0sNM,Apartment building,6.0,4.8
ChIJMX4wMvq3lUcRgV13ypcoa5c,Apartment building,2.0,5.0
ChIJ39nzahK3lUcRLyKpSdPcxGI,Building,2.0,5.0
ChIJc0lvVgm3lUcR9-8dn86YIyk,Italian restaurant,98.0,3.9
ChIJL6G8cw-3lUcRVPx40aUnaO4,Italian restaurant,205.0,4.4
ChIJt8LiNcS3lUcRwIwlcceREi8,Italian restaurant,36.0,4.2
ChIJ2zHVSAK3lUcRAEncsvW5qPo,Italian restaurant,477.0,4.6
ChIJ_xzZjVa2lUcR9e7GglyDb5c,Italian restaurant,483.0,3.9
ChIJcaPPVgC3lUcRivAFUR4ZYOc,Pizza restaurant,8.0,4.9
ChIJDW1YMQK3lUcRaOhVIP6b0TM,Pizza restaurant,242.0,4.2
ChIJhdHscVW2lUcRtfH3nJE6tg8,Pizza restaurant,350.0,4.4
ChIJ5efdaAS3lUcRdA6u_oF0I00,Pizza restaurant,201.0,4.5
ChIJa9QQdJ63lUcR6suuu8FIWM0,Pizza restaurant,309.0,4.0
ChIJJXncQwC3lUcRn4mNWw2sSLk,Pizza restaurant,4.0,4.5
ChIJuTwDhAO3lUcRAskwsCD_9Yc,Pizza restaurant,39.0,3.1
ChIJlynUNAK3lUcRHs3gFYR5bJU,Pizza restaurant,62.0,3.0
ChIJYy0ySSS3lUcRPyGpHZN7Ons,Pizza restaurant,32.0,4.8
ChIJVytMAOK3lUcR6ufyeIbxPxE,Pizza restaurant,73.0,4.6
ChIJGZLrYL-3lUcR9mVL-W9N1V0,Pizza restaurant,95.0,4.1
ChIJ-XQUtaG3lUcRmlyfhpxkn0o,Pizza restaurant,184.0,4.2
ChIJ5UnVt9N9C0ERuvY2hLmO70g,Pizza restaurant,464.0,4.5
ChIJ20Gkrt-3lUcRAQXaCSSSnTY,Pizza restaurant,29.0,3.7
ChIJ0eOhqFa2lUcR6XzMOS4GvsI,Restaurant,649.0,4.6
ChIJb2k7j0O3lUcRZhNK4qbLlEo,Restaurant,89.0,3.8
ChIJGXUB-6S3lUcRh1CHkQCNI_Y,Restaurant,56.0,4.8
ChIJKTfaPwK3lUcRLYnVI_CL05A,Restaurant,144.0,4.6
ChIJwUDl8AO3lUcR2Wicfv4azoc,Restaurant,23.0,4.6
ChIJVVWwk1a2lUcR0NwJCI2JqpQ,Restaurant,22.0,3.9
ChIJTT5Mchu3lUcR_5dIOuULNNg,Restaurant,49.0,4.5
ChIJXzbTVNm2lUcRUSjw5e2Fg5E,Restaurant,62.0,4.1
ChIJp-CwqAa3lUcRxpfRIMo5eOI,Restaurant,261.0,4.6
ChIJi6kzjAa3lUcR1sKZPsyeIIM,Restaurant,64.0,4.5
ChIJA-_05Au3lUcRxoGbnaiG2No,Restaurant,8.0,3.6
ChIJBzdghwG3lUcRuKu3_WH1WSo,Restaurant,972.0,4.1
ChIJC9jS-hO3lUcRXFKM9MvjrDs,Restaurant,1656.0,3.6
ChIJb8W6IFS2lUcRCHMQ39KdXug,Restaurant,196.0,4.3
ChIJDZwqtb63lUcRmAfppJaBd6I,Restaurant,9.0,4.2
ChIJxxqczVO2lUcR7-sbtMkm3eg,Restaurant,16.0,4.7
ChIJfzI3BgS3lUcRWjfYoVaWf_c,Restaurant,11.0,4.9
ChIJE3Sk-NS3lUcR9jLmZogszRg,Restaurant,40.0,4.3
ChIJF6_OXX-3lUcRvTck9fUCGEc,Buffet restaurant,26.0,4.2
ChIJn1tipgO3lUcRcipUTquZqRo,Snack bar,129.0,4.4
ChIJD1kk5hG3lUcRdKL6XgiO3ik,Caterer,29.0,4.4
ChIJ-8So0jS3lUcR3cW-ksmsTa4,Caterer,13.0,4.8
ChIJN0-2FAS3lUcRXbZoUvdzkE0,Caterer,95.0,4.4
ChIJF9PiwRy3lUcRGD-1LiVLQUA,Caterer,2.0,5.0
ChIJPbvyqYd-C0ERR40_kw16KjQ,Caterer,45.0,4.5
ChIJ58qUkE-3lUcRhLm_k-gc4KM,Caterer,22.0,5.0
ChIJXdZMtv62lUcR2Eu9NWj9UnE,Cafe,110.0,4.8
ChIJ5Stz7qi3lUcR2ozpOclxbEY,Cafe,14.0,4.6
ChIJlyIQLgK3lUcR6NNmUcMZzkU,Cafe,201.0,5.0
ChIJGaBctIB-C0ERxWOalgwmQYQ,Cafe,85.0,4.8
ChIJQ5kqZwS3lUcRqZORIja5XqA,Cafe,122.0,4.0
ChIJV8yFxBG3lUcR0jjzvOLFC24,Cafe,6.0,4.8
ChIJl5pADwO3lUcRb_-930-Isww,Cafe,38.0,3.4
ChIJMZcjBxHDB2oRmonA_LGQRf4,Cafe,49.0,4.7
ChIJpYKtlSC3lUcR9yuwKcJ-9cQ,Cafe,58.0,4.8
ChIJGRwxxgO3lUcR5VZ4bMYmldI,Cafe,205.0,4.1
ChIJuw6GMDW3lUcRUWs9T5zfTQ4,Cafe,10.0,3.0
ChIJZ_8wedR9C0ERODcm_eGqrLw,Cafe,49.0,4.3
ChIJx5Xxepu3lUcRBuJpsjI_VR0,Beauty salon,10.0,5.0
ChIJf2aDMyW3lUcRpZR_1lQsD5E,Beauty salon,99.0,4.6
ChIJ5Z9rZYi3lUcRqkblgKZzWy0,Beauty salon,40.0,2.8
ChIJgaQ3g3m3lUcR4Ghi3Be7ltw,Beauty salon,16.0,3.6
ChIJ7Ua-uQO3lUcR4B4AzjbgRWA,Beauty salon,46.0,4.7
ChIJIcz9kVa2lUcRcHyJRC0qQf4,Beauty salon,106.0,4.9
ChIJEf4bxEq3lUcRhq0Ppc6zXnM,Beauty salon,37.0,4.6
ChIJ01ppyAO3lUcRODgG6nJz2F0,Beauty salon,65.0,4.8
ChIJzZptlt-2lUcRctV9Y1G7Jas,Beauty salon,42.0,4.8
ChIJ5cQZSHW3lUcRVtAdbQNRF4s,Beauty salon,60.0,5.0
ChIJfTzaIgK3lUcRcssUpsaOuOY,Beauty salon,1.0,4.0
ChIJwUDl8AO3lUcRvkG3PcwBgbc,Beauty salon,40.0,4.7
ChIJHQOBpgO3lUcRDahwiAYZcj8,Beauty salon,71.0,4.5
ChIJ88Et8gK3lUcRInWSB0ziE78,Beauty salon,17.0,4.8
ChIJR-5PNAK3lUcRJHyrz_DcCjM,Beauty salon,55.0,3.7
ChIJF2piXla2lUcR3sZbnFZUdAg,Beauty salon,14.0,4.3
ChIJx1_81gO3lUcRWtzaaaSUcks,Beauty salon,134.0,4.8
ChIJ2Xe55qq3lUcRErVicoZ-XlY,Beauty salon,76.0,4.7
ChIJYZpxuP62lUcRR5WJVzn8bGA,Beauty salon,2.0,2.5
ChIJCVg3guK2lUcRdPcAb6i17IQ,Beauty salon,1.0,5.0
ChIJQeuVlNG3lUcRp5Px2yKoShg,Beauty salon,22.0,5.0
ChIJE8ElxwO3lUcRYbgPs7Jx92k,Beauty salon,30.0,3.4
ChIJSwJoKAK3lUcR909KFYDM39o,Beauty salon,32.0,4.5
ChIJ2atm9au3lUcRH_8R2DjkLIE,Beauty salon,,
ChIJoyp0_KO3lUcR_Awfm2dO3Pk,Beauty salon,38.0,4.5
ChIJ_y5TBwS3lUcRaPOz1RIlESc,Beauty salon,163.0,4.9
ChIJ_4eHwQO3lUcRB0wYWjuN_6A,Cosmetics store,48.0,4.8
ChIJy8QzwKu3lUcRpof2fDmbUTQ,Auto repair shop,,
ChIJqRMwKXu3lUcRYP0h4dpfPOg,Auto repair shop,2.0,5.0
ChIJvzvWlxu3lUcR4CxpGlpbxqI,Auto repair shop,36.0,3.5
ChIJLY-8nga3lUcRYxqub9HPNuE,Auto repair shop,,
ChIJPzpiBwG3lUcR_mgoaXIj32A,Auto repair shop,4.0,5.0
ChIJIblHLw63lUcR3r0YCY3902g,Auto repair shop,35.0,4.7
ChIJMWXAfqu3lUcRGqY9AySEgwU,Auto repair shop,,
ChIJh7AKEBS3lUcRHm5HRSCYFNg,Auto repair shop,19.0,4.9
ChIJ_6BMndm2lUcRkvbfbkid7vA,Auto repair shop,2.0,5.0
ChIJa3Zcxre3lUcRcmKBHJ6T5CQ,Auto repair shop,7.0,4.1
ChIJy5sgFAO3lUcRBo37cX7OZe8,Auto repair shop,,
ChIJQZKx0922lUcRm6QBnY6h4Hw,Auto repair shop,129.0,4.8
ChIJSVdRYNy2lUcRohWqJat0gXc,Auto repair shop,255.0,4.3
ChIJXVowmiG3lUcRlZcfGYaBkDU,Auto repair shop,,
ChIJ3Y39EgO3lUcR2tnQ5SsDFPM,Auto repair shop,1.0,4.0
ChIJq6pmWQK3lUcReqWOj90Cq9w,Auto repair shop,,
ChIJe-uHixO3lUcR8A39XVeRqtI,Auto repair shop,2.0,4.5
ChIJ_Rhn3BO3lUcRTW-fo4UFTh0,Auto repair shop,75.0,4.4
ChIJQffyDM59C0ERqA82Zc9jUns,Auto repair shop,319.0,4.8
ChIJnyBVpvy3lUcRe8sOve4BW64,Auto repair shop,,
ChIJNZSQWBG3lUcR78DavpbIZXg,Auto repair shop,108.0,4.3
ChIJa52YIAS3lUcR6LAbIYrtYGI,Auto repair shop,23.0,5.0
ChIJl5pADwO3lUcR3AAAA-FJRxs,Auto repair shop,79.0,4.6
ChIJuxgJvFS2lUcREztumDBM8Bc,Auto repair shop,5.0,4.0
ChIJuVVKtQa3lUcROpNlQaGgyBo,Auto repair shop,9.0,4.6
ChIJhdJvkga3lUcRaouLD367jig,Auto repair shop,41.0,5.0
ChIJQ30-WAi3lUcRIKOb9fuPO6M,Auto repair shop,3.0,4.3
ChIJh0Z8cwC3lUcRhbtnaFjZUPA,Bar,,
ChIJdbmHMwK3lUcRq1i1HWv_VuY,Bar,9.0,4.2
ChIJXUndkiC3lUcR8AK5mJGsSsI,Bar,41.0,4.7
ChIJJVc065u3lUcRexOvWR7ZKys,Bar,3.0,5.0
ChIJA6TdnRy3lUcROMAVtzPPhrM,Cleaners,1.0,5.0
ChIJF17C6f22lUcRvRAnM0SxPPU,Cleaners,,
ChIJG8S5--i3lUcRDIkPeCLjEg8,Cleaners,,
ChIJyQNuJUC3lUcR-wKVIbw_lS8,Cleaners,1.0,5.0
ChIJUVNcYyDAlUcRilCUULFprRA,Cleaners,14.0,3.1
ChIJ2z1lIAC3lUcRX7ZSI_t-6C4,Cleaners,,
ChIJuVPDI-K3lUcRthHtl91t6kc,Cleaners,1.0,5.0
ChIJSTjLLCS3lUcRUFLnDAxhEKc,Cleaners,4.0,2.3
ChIJm5oSfuO2lUcRa0DOTkYrjI4,Cleaners,6.0,2.3
ChIJN7qN-Je3lUcR-wf5cKqjprM,Cleaners,2.0,5.0
ChIJofpLNIm3lUcR44GjoVRVkvE,Cleaners,,
ChIJiyG51x-3lUcRuXrajuk-Rz4,Transportation service,,
ChIJeRGeVN62lUcR1ceFMBGsVDg,Transportation service,,
ChIJoTr7mN-2lUcRhkvP7A2piYg,Transportation service,,
ChIJ-_C8i1W2lUcRJilgO3-EX64,Transportation service,,
ChIJnaRosQa3lUcRZh3IOd3Nwz0,Transportation service,,
ChIJYwu3I_-2lUcRNMRr2Z5fnV4,Transportation service,33.0,3.7
ChIJ5WZYElO2lUcRJGIRJ4uShmY,Transportation service,,
ChIJjef3CgS3lUcRMbceVDB5Uf4,Transportation service,10.0,4.3
ChIJXy_8DgO3lUcRI9n8TTeTkQg,Transportation service,8.0,3.4
ChIJdVikI_-2lUcRSS-Th48vCAg,Transportation service,,
ChIJGVoM9A63lUcR6evYLg3kCNg,Transportation service,14.0,3.6
ChIJ-akSO1S2lUcRuiNUKpaox4w,Transportation service,1.0,5.0
ChIJgZDaecq3lUcR4pgmbnHVYEM,Transportation service,1.0,3.0
ChIJn-P7Qx63lUcRr913piXgfOU,Transportation service,,
ChIJTVyK4Kq3lUcRU-xXakxeyig,Transportation service,,
ChIJ35b_ENu2lUcRT4_Btdi7JzY,Transportation service,1.0,5.0
ChIJT9rrrti2lUcRJKPWxJ5Y9PE,Transportation service,1.0,3.0
ChIJvdKxmd-2lUcRGIYvlOZXPZk,Transportation service,,
ChIJSUM5VN62lUcRLBjaHXC1-uA,Transportation service,,
ChIJLWIyMw63lUcR4V_1xFTSpRY,Transportation service,,
ChIJvYe3YAS3lUcRlOKSmwIOfsM,Transportation service,,
ChIJB2mtR9y2lUcRC3RNOKBhGWw,Transportation service,,
ChIJe6IUDgO3lUcRQyC8Glmp-8Y,Transportation service,1.0,5.0
ChIJvdl2H1S2lUcRFIi88gvtAqo,Transportation service,2.0,4.0
ChIJa0fpoAu3lUcRd34t3h6GStI,Transportation service,,
ChIJZ5raBAO3lUcRS3TKg6mCe4g,Transportation service,3.0,3.0
ChIJmZ566B23lUcRWzrCm6W8uxo,Transportation service,,
ChIJX9cuHBS3lUcRxlAmiySH6Gg,Transportation service,1.0,3.0
ChIJDedpatV9C0ERyICvuZIH4Xc,Transportation service,73.0,4.3
ChIJpwOM7BO3lUcRNVuCaBnLBRA,Transportation service,1.0,4.0
ChIJfxvBwRO3lUcRlr8axy0CvEs,Transportation service,,
ChIJFxea-9u2lUcRO5d7of8-6xk,Transportation service,,
ChIJQTby7OC2lUcRQNauSk4zYyQ,Transportation service,,
ChIJ3ZzD0x-3lUcREXYYoZn1h7Y,Transportation service,,
ChIJrZ7jlVW2lUcRaJMtmqnTTnU,Transportation service,,
ChIJy-E18_-2lUcR0--NWJcmn3Q,Transportation service,,
ChIJsdfOsgS3lUcR8250EHu7tTc,Transportation service,,
ChIJd50Jdhu3lUcRW7s7q8zhdT8,Transportation service,,
ChIJt3B4ff62lUcRbQnosf33irg,Transportation service,,
ChIJU77xdA-3lUcR26doArRw-HE,Transportation service,,
ChIJd9HoP_62lUcRBeqXQskhde4,Transportation service,,
ChIJx8-WFla3lUcRYP64ok6IgDI,Transportation service,2.0,5.0
ChIJe3g1DwO3lUcRWCz747Q-v8E,Transportation service,3.0,3.7
ChIJoxZWLPm2lUcRwKPhp9uE0yo,Transportation service,,
ChIJAVFvOgC3lUcRAGjHGvJDTEg,Transportation service,2.0,3.0
ChIJlQ4T5x23lUcRKmbKtB5jnao,Transportation service,,
ChIJTSp23py3lUcRQ--2IE8z8uo,Transportation service,,
ChIJT_aQmxu3lUcRpXRfm4-4sCo,Transportation service,,
ChIJIUMSCVG2lUcRcuSZvPXkZO0,Transportation service,,
ChIJuztsPQS3lUcRf6oH0zLV_T4,Transportation service,1.0,4.0
ChIJdYg8Sti3lUcRlF6o4oWB6Qo,Transportation service,15.0,4.1
ChIJnyDPa_W3lUcRu9qloAHC2s8,Transportation service,,
ChIJt5AVbFO2lUcRaLRC60Qnyws,Transportation service,,
ChIJf4weAgO3lUcRqnpV9Ix6Qfs,Transportation service,199.0,3.6
ChIJpbkbmX63lUcRSk7z6T-2u7Q,Transportation service,1.0,5.0
ChIJcbDsjAS3lUcRR46iY7T_Bgo,Transportation service,,
ChIJheae6s-3lUcRRKq3z63Mbbk,Transportation service,43.0,4.6
ChIJoeHNMwK3lUcRxKAnXyn2SQI,Transportation service,,
ChIJtUg1iQi3lUcRwbTbxZwIITA,Transportation service,,
ChIJhX901hy3lUcRwtP0uOIgWYE,Transportation service,,
ChIJp3prz1O2lUcRfeaI4Zo5AL4,Transportation service,,
ChIJbaSMHZ63lUcRwdkj7OMNw1k,Transportation service,1.0,4.0
ChIJwy6O6RG3lUcRkaxjKzmrdSg,Transportation service,,
ChIJJ8igdQ-3lUcRbZDodbmNAGw,Transportation service,,
ChIJ187HU1C2lUcRqkHkTVKe8Fw,Transportation service,,
ChIJmV52yFO2lUcRLpeTLRRx_rg,Transportation service,,
ChIJ5_Vgjgm3lUcRHrjcct-LFYE,Transportation service,,
ChIJh-8An-G2lUcRIJWKJYsGGVs,Transportation service,2.0,5.0
ChIJ2Xi_kAm3lUcRoD-qXII51BE,Transportation service,1.0,5.0
ChIJs6UxzQ-3lUcR3hQnTirwQpc,Transportation service,,
ChIJI59GmOC2lUcReGlOR63kcao,Transportation service,2.0,4.5
ChIJt0QDxhy3lUcRrMbGYTTIiA0,Transportation service,,
ChIJ-dIMVVC2lUcR7FxzrEZCgHA,Transportation service,1.0,4.0
ChIJg7LJVYe3lUcR3w-fMB_uz5Q,Transportation service,10.0,5.0
ChIJjYtovqq3lUcRQ9kaSK8RJro,Transportation service,,
ChIJk4T69am3lUcRppgJJUXJixw,Transportation service,,
ChIJDVN_gAG3lUcRBhFYRFNPMnQ,Transportation service,,
ChIJSRsi6QW3lUcRtcS7KKAw0sU,Transportation service,,
ChIJaa007wW3lUcRow0GiAX64pY,Transportation service,,
ChIJfxmCWBy3lUcRx55xxQDeCGo,Transportation service,,
ChIJu3aqWRy3lUcRKF9w0GgbE9g,Transportation service,1.0,2.0
ChIJg8vvIgS3lUcRNxulW40Lwzs,Transportation service,,
ChIJ1ZonTRu3lUcRqkNv3g5EE3M,Transportation service,,
ChIJ6Q7bl-e3lUcRwFZjL8DEGB8,Transportation service,3.0,3.0
ChIJGatrGuK2lUcRKjQnOYJskUo,Transportation service,1.0,3.0
ChIJVUtqNwC3lUcRI8Aib9KU_Zs,Transportation service,,
ChIJ1Tvzvqq3lUcRlAWW057Sgbo,Transportation service,,
ChIJlwWSjgi3lUcRyIt5DPqRFrE,Transportation service,,
ChIJa0IroVe2lUcRh1U8OiMjDeM,Transportation service,12.0,4.0
ChIJsWVIJf-2lUcRmQ0KrtAuYAE,Transportation service,,
ChIJi1qAygy3lUcRxZe2BkCe2i4,Transportation service,5.0,4.6
ChIJ7_iD1cS2lUcR94r_vc_EGkw,Transportation service,,
ChIJo7Nl7aq3lUcRIIdoklrZImU,Transportation service,,
ChIJg6woMgK3lUcRBnHzS5HQHpg,Transportation service,13.0,4.3
ChIJo0EGWxy3lUcR3MNiwAaNovM,Transportation service,27.0,3.0
ChIJ0-twEdu2lUcR2Sn9-0CSo-4,Transportation service,,
ChIJjT69CVG2lUcR_WVVccFOq_0,Transportation service,,
ChIJc1U60Ry3lUcRcIeqcwWs2yg,Transportation service,,
ChIJKZPoi_-2lUcRNfxFo8iY_8I,Transportation service,1.0,4.0
ChIJAQDMOgq3lUcRggC6yXNlhWI,Transportation service,,
ChIJCfYi-tu2lUcRsoJCzjfc7RY,Transportation service,,
ChIJd3Q2edR9C0ER7tfvNZcG8D0,Lawyer,33.0,4.8
ChIJsXk-oKq3lUcRygIUnzmz8OM,Lawyer,6.0,5.0
ChIJ93wiAgS3lUcRci3EIAIzq5Y,Lawyer,3.0,3.7
ChIJravtpKm2lUcRi930O2N5rSI,Lawyer,1.0,5.0
ChIJQyekSlW2lUcR_YiInS-tY9w,Lawyer,1.0,5.0
ChIJD80WMlS2lUcRcXW-AlVMe4g,Lawyer,,
ChIJS0Ghst62lUcRZotDiQWg-ts,Lawyer,,
ChIJx-nf2wW3lUcR4m4kTFaq7Eg,Lawyer,,
ChIJ8Y_Ard22lUcRT_hnJvwmfIE,Lawyer,,
ChIJKZttyaC3lUcRthA-ntWhUxw,Legal services,,
ChIJ3aamIE-3lUcR5YX_2FpO6zY,Legal services,47.0,4.7
ChIJ7Ua-uQO3lUcRCorF5QAMEkg,Legal services,14.0,5.0
ChIJg48xRSW3lUcRhUPC4S10Wq8,Legal services,,
ChIJ42Hk1wO3lUcRT2CdFxcP2ec,Legal services,36.0,5.0
ChIJoZMgs9-2lUcRlllZKKKTsGQ,Legal services,,
ChIJybYGAWi3lUcRh3LRJdB3KTE,Gift shop,38.0,4.0
ChIJE1bIii63lUcRYIJQfbYQOd0,Gift shop,1.0,5.0
ChIJSRqt8NR9C0ERWUEUKIyG4yM,Gift shop,45.0,4.3
ChIJX4-M6QO3lUcReG4bKsQEqog,Gift shop,47.0,4.9
ChIJ5foHNQK3lUcRkspYOtNefLg,Gift shop,40.0,3.4
ChIJCetPSQK3lUcRQ7-5t16ptnM,Gift shop,74.0,4.9
ChIJ1SoFxAO3lUcRHWn_op1yhlk,Gift shop,17.0,4.4
ChIJ98P2dhm3lUcRTwnjNrrzVkI,Wholesaler,1.0,5.0
ChIJbTdsy_22lUcRzma7B3-89ww,Wholesaler,11.0,4.9
ChIJlzZipAa3lUcRmTmlqHBz8eQ,Home goods store,14.0,3.9
ChIJgW0VWQK3lUcRjrKyPCgAogM,Home goods store,22.0,5.0
ChIJA9lBaIO3lUcRdNAy93yL5i0,Kiosk,6.0,4.5
ChIJub6CgAG3lUcRAF1_Fostlzc,Telecommunications service provider,19.0,4.8
ChIJub6CgAG3lUcRM4vgQD64DpI,Telecommunications service provider,3.0,4.7
ChIJub6CgAG3lUcRbPXIt89JlnA,Telecommunications service provider,8.0,5.0
ChIJgwWCbDe3lUcRpCDM-AbxJWI,Telecommunications service provider,71.0,4.7
ChIJub6CgAG3lUcRZ1xZggJLki8,Telecommunications service provider,3.0,5.0
ChIJRTJTOqy3lUcRrtALeEPOtRo,Telecommunications service provider,,
ChIJub6CgAG3lUcRB5Lm9tlLpUg,Telecommunications service provider,,
ChIJub6CgAG3lUcRzrB3wRQhGWY,Telecommunications service provider,13.0,4.2
ChIJw80a7Sy3lUcRf8CfV0nyLc0,Toy store,8.0,5.0
ChIJhcNq7Qi3lUcRvwCKYLXYftk,Toy store,621.0,4.2
ChIJX19iiDm0lUcR0ONIpFEHqrM,Tobacco shop,237.0,4.5
ChIJMYaqugO3lUcRGhIQNkRSK-c,Digital printer,65.0,4.7
ChIJYe15Jt-3lUcRT5PGks0m1GM,Candy store,13.0,4.8
ChIJt8t-NQK3lUcRvs8LAbTANx8,Candy store,22.0,4.5
ChIJ28cqzAO3lUcRBbcGupSB4C8,Candy store,9.0,5.0
ChIJ6V32m-GFmUcRrVP7knb2SAU,Candy store,37.0,4.5
ChIJac3SkVa2lUcRfCHSdAAgWPc,Candy store,18.0,4.2
ChIJVVWxfwO3lUcRQUl4v2JCfOc,Candy store,,
ChIJ_0NI6QO3lUcRYAZgKHS3meg,Candy store,10.0,4.4
ChIJmWfsyAO3lUcRyIvXKSo4H5s,Candy store,70.0,3.9
ChIJBfTqywO3lUcRQz0L0_HqFgg,Candy store,22.0,4.8
ChIJXcpgt4i3lUcRylt6kJ1w40E,Candy store,,
ChIJC7z86gO3lUcRFjtgjHNX8zM,Candy store,13.0,4.3
ChIJI6ZQSHS3lUcR0MXgKVG2QCU,Photo shop,5.0,5.0
ChIJ2YBZTNm3lUcRh90qICSJSMk,Photo shop,4.0,5.0
ChIJc3IBSS23lUcRmEtCDpXXE-Q,Photo shop,10.0,5.0
ChIJ0fqOKS-3lUcRaNB9MejlH_U,Photo shop,,
ChIJ6eRBkA-3lUcR4ybOOiYCf6E,Tax consultant,,
ChIJWbP1ggO3lUcRfznl6aNaWVM,Tax consultant,3.0,3.7
ChIJfff3d1W2lUcRkqoZwII2mnQ,Tax consultant,1.0,5.0
ChIJAQCcPKu3lUcR4w6Je-qj1wE,Gardener,7.0,4.9
ChIJocyGuCe3lUcR7S4JQ7g7Yh8,House clearance service,,
ChIJ-9u8139-C0ERQMf3Nb8Nqac,Thai massage therapist,6.0,5.0
ChIJHZfKqx23lUcR73ZgOvr8-t0,Thai massage therapist,17.0,4.8
ChIJBfTqywO3lUcRcvo5g90BIYI,Massage therapist,101.0,4.8
ChIJs0KP9gK3lUcRYtfFv9Ujaeg,Massage therapist,11.0,5.0
ChIJ93wiAgS3lUcRto5eK4uab1w,Massage therapist,1.0,5.0
ChIJC0VLfcC3lUcRoDGfO6Zf66A,Physical therapist,2.0,5.0
ChIJ3VvEpAC3lUcRrfCmFeBKYls,Physical therapist,,
ChIJIbG2139-C0ERMA4UY9JChaA,Physical therapist,,
ChIJvQ2h8Ai3lUcRXuqlbYqIvS8,Physical therapist,10.0,4.2
ChIJT547UAK3lUcRf_potbDQkXo,Physical therapist,3.0,4.3
ChIJ907pqQe3lUcRT79HxethRtA,Physical therapist,2.0,5.0
ChIJAQBkVwK3lUcRYT3chpivnj0,Physical therapist,2.0,5.0
ChIJu3BfBtSOsUcRghRVj11ge8Q,Physical therapist,6.0,5.0
ChIJl5pADwO3lUcRYO_GLu2WObI,Physical therapist,,
ChIJVWGkX7yIbS8RfsJEYG2pxgw,Physical therapist,3.0,5.0
ChIJoXrNgTq3lUcRN9lstqAdVQg,Massage spa,2.0,5.0
ChIJi7W_XBO3lUcRwkDr-ReaI28,Bank,,
ChIJ562K0z8hvkcR76O94CAiJ-U,Bank,11.0,4.6
ChIJlfFNvFW2lUcRC1bgAcF6KSc,Bank,12.0,2.8
ChIJLRow9VC3lUcRQN-Ubw0s5Zk,Bank,2.0,3.0
ChIJT5xKjBa3lUcRSj_51v_d4Ow,Bank,6.0,3.8
ChIJk10SbAS3lUcR62LE8kIEgkE,Bank,65.0,4.8
ChIJgwziyAO3lUcRh8m5swhnPAQ,Bank,25.0,3.4
ChIJW0tNvFW2lUcR2smwylB1TzA,Bank,1.0,5.0
ChIJgwziyAO3lUcRfxZX74jHQ8c,Bank,1.0,4.0
ChIJDfN9bpq3lUcRs3qm_YsCsQs,Bank,,
ChIJl3R_cAG3lUcRUJvuNQRt-sI,Insurance agency,27.0,4.8
ChIJQ9L5gRa3lUcRG0C9qCcP6uI,Insurance agency,2.0,5.0
ChIJadbrvHi3lUcR12LbbvKzSKU,Insurance agency,1.0,5.0
ChIJT9eyM663lUcR-LQvt7zTYlM,Insurance agency,,
ChIJUaPxfQe3lUcRMarus0ZU_2I,Insurance agency,,
ChIJXz0mFWe3lUcRZf0HH6RR3ew,Veterinarian,64.0,4.0
ChIJt_fvZXi2lUcR59608twm5o8,Veterinarian,17.0,4.6
ChIJdxjHWgK3lUcR9WzkEUY9XTg,Veterinary care,,
ChIJA5fZhPi2lUcRn1jHRcR7OG8,Financial consultant,,
ChIJty6mARG3lUcRRR6fMZnlfkM,Consultant,,
ChIJqyoB-P3XnUcRrBXcfyS0K3s,Consultant,,
ChIJWfjuKvu3lUcRAzLzW6R4ypk,Consultant,,
ChIJPYLcnKS2lUcRyo6Gza_xkB0,Consultant,,
ChIJGZeaQP63lUcR8r_6ZS36Uzk,Consultant,,
ChIJ98sE9QC3lUcRBx857PClfOM,Consultant,3.0,4.3
ChIJiUNo2xu3lUcRF2_4G0wjAhs,Consultant,6.0,4.8
ChIJCag9-Ke2lUcRVulrP2zhVrQ,Consultant,15.0,5.0
ChIJD44VYCC3lUcRogeGGLTKw8Q,Consultant,1.0,5.0
ChIJJYLadt-2lUcReMltFoYI0Q0,Consultant,1.0,1.0
ChIJ80jj5sSvlUcRClENzwqZfqo,Consultant,3.0,3.7
ChIJ-yLlQhu3lUcRI1vNYIx16JI,Consultant,,
ChIJ47SpUgS3lUcRzWL7fF6YNxU,Consultant,,
ChIJs52vBA66lUcRsUBShnhZWTc,Consultant,,
ChIJeb8Zzn-3lUcRRxTGW5R8OkY,Consultant,,
ChIJ65_q3Qi3lUcRFk-pTlBgd4I,Consultant,4.0,3.5
ChIJlbAd3c23lUcRcG-bD2ZcMMM,Consultant,,
ChIJo1zIPky3lUcRNRjs7Sj_IEo,Consultant,1.0,5.0
ChIJoTC3Aaa2lUcR33O1HTL8_7o,Consultant,,
ChIJoS7anI62lUcR-p0iafcBBZ0,Consultant,1.0,5.0
ChIJV8kpdN-2lUcRCtFSEVlls8U,Consultant,5.0,4.8
ChIJVTMxm_6zlUcR-BbTUbMKVis,Consultant,2.0,5.0
ChIJ4eD3fHu3lUcRzMneWpUUaLQ,Consultant,,
ChIJUQAEmfu2lUcRBj8xBMHLuAM,Consultant,,
ChIJu-qRMie3lUcRbs925uMdB-w,Consultant,1.0,5.0
ChIJa_o8JPu2lUcRp_v8QrHNGdU,Consultant,,
ChIJBzdghwG3lUcRNlo_xVcI_74,Consultant,1.0,3.0
ChIJDemcdt-2lUcRMppCNKg-kX0,Pharmacy,22.0,4.8
ChIJwX_sJdG3lUcRRcaaHRGlypQ,Counselor,,
ChIJzQkvUu63lUcRGUHZIkIULLc,Counselor,,
ChIJ-zKcsFO2lUcReqkqTGMWeYs,Life coach,,
ChIJORjycVG2lUcRNx1djXHixJw,Psychotherapist,,
ChIJl5pADwO3lUcR0KpzUVHch_s,Psychotherapist,7.0,3.9
ChIJd2KJZPy2lUcR5oKFHgSL3Q8,Psychotherapist,,
ChIJzcG-Vaq3lUcRiYXdV4Jdoe0,Psychotherapist,2.0,5.0
ChIJd6WQuQO3lUcRWkpGbraCq9U,Psychotherapist,,
ChIJX6-HSlqxlUcRXz0dAXFaIw4,Psychotherapist,,
ChIJQZ9d7rO3lUcRjqzeKN5SJkc,Occupational therapist,14.0,5.0
ChIJ_0NI6QO3lUcRDg5epBfDKsY,Occupational therapist,11.0,5.0
ChIJHZfKqx23lUcRCuvPPFc6RVk,Occupational therapist,,
ChIJzcPY-wO3lUcRIqQ7pBjSdX8,Occupational therapist,,
ChIJzx4Ec2K3lUcRtBA-FHwdTB8,Coaching center,,
ChIJN2ITKJK3lUcRz6DCOnld2OI,Coaching center,1.0,5.0
ChIJvaNQJAK3lUcRLp0iDjcMXVE,Coaching center,79.0,4.3
ChIJCQDEFFO2lUcRGre52kckO1I,Coaching center,4.0,2.0
ChIJE64ZsVm3lUcRMY0E9WlytEw,Coaching center,,
ChIJTT6TTbS3lUcRrSLd1Yguhog,Tourist attraction,2.0,4.0
ChIJPeJ1xjK3lUcRGcEYCml24MQ,Tourist attraction,3.0,5.0
ChIJKW3G9VS3lUcR11Q3Wz4G-Bc,Tourist attraction,5.0,5.0
ChIJn9s2oB-3lUcRXz0-MRfBNvI,Architect,,
ChIJhbSOJla2lUcRepGuwC_DAG4,Artist,,
ChIJ4_l3X1a2lUcR0a49fiqNK7I,Artist,4.0,5.0
ChIJPcC-tOG2lUcREUWG7jo2Ves,Garden,6.0,4.5
ChIJhXe74FK2lUcRERrpBj0E-7M,Garden,,
ChIJL5R3SsW3lUcRLnxCZ6wP4pQ,Garden,2.0,5.0
ChIJgZ59vAG3lUcRO4rDLv2MJOk,Garden,55.0,3.4
ChIJlcioVgO3lUcR0ZIBPjLsUoo,Garden,,
ChIJLZTp3K23lUcRH08HYpG9-NE,Garden,5.0,4.2
ChIJ8xKanuC2lUcRAGhe_cPehWQ,Garden,35.0,3.9
ChIJvXQWlai3lUcRhXZBH8KfuaY,Garden,18.0,4.3
ChIJe5tH1QC3lUcRQM4jGb71JuI,Garden,198.0,4.2
ChIJ9ZWq-5a3lUcRtzIv5nXn2Bs,Garden,6.0,5.0
ChIJkeayNAG3lUcRhi4hbEMPkaQ,Public health department,4.0,2.0
ChIJYRVQPVS2lUcR2M2rsi0cS_M,Psychologist,,
ChIJ7dxVMQK3lUcRpERpz0p2a90,Money order service,3.0,3.3
ChIJiafWTwK3lUcRMB94mUcl8tY,Property management company,58.0,4.5
ChIJvRLng4B-C0ERnT_PRgFVcFU,Property management company,6.0,3.7
ChIJ701Mdf-2lUcRUJm-S5_UHAg,Property management company,40.0,3.7
ChIJS1602jS3lUcRNcx-CNTLnsg,Property management company,3.0,5.0
ChIJBQ-3iZ-3lUcRGAx2jHez6zw,Property management company,13.0,4.7
ChIJAQD0ZQS3lUcRA6Puvp0pgkQ,Property management company,7.0,5.0
ChIJaxalVNm2lUcR4-OnPrddpMM,Bakery,37.0,4.5
ChIJNc6piQS3lUcR8But1EJt708,Website designer,9.0,5.0
ChIJo82stMe3lUcRRKtXO_WI07g,Website designer,18.0,4.9
ChIJfwLYc5m3lUcR-Tdr31nyInY,Website designer,,
ChIJ_VOzqQO3lUcRrP4sXysQdRs,Website designer,,
ChIJscsJAMC3lUcRGSV48yQDjT4,Design agency,,
ChIJO7z5RAO3lUcRYxK6ordFDIY,Design agency,,
ChIJ6d6opqu3lUcRcLO39AsTiK4,Furniture maker,,
ChIJ7dUD3Nu2lUcR-chUD6rhjlE,Photographer,,
ChIJd8-UGgC3lUcRQeA_BOncmEk,Photographer,2.0,5.0
ChIJtZc0GAK3lUcRjbM3G8YQupg,Contractor,23.0,4.8
ChIJSSmKs-e2lUcRukvSPtG5DXs,Scaffolding service,2.0,5.0
ChIJ74Z_C9-2lUcRxl8eT9lcfUU,Carpenter,5.0,5.0
ChIJ97gx1Ve2lUcR9HhoiOyRPDs,Student dormitory,139.0,4.1
ChIJVyfo6_u2lUcRUJ45VcOoZjw,Real estate agent,5.0,4.2
ChIJhSh3GtV9C0ERJxjmp2TxrSI,Real estate agent,5.0,4.2
ChIJ8zo83RG3lUcRdmiOm_fa5FA,Real estate agent,,
ChIJBzdghwG3lUcRVuT0C-fT6yM,Real estate agent,1.0,5.0
ChIJEZYKrS-3lUcRLYkzteuTc04,Water works,,
ChIJub6CgAG3lUcRraQc04Ze11M,Cell phone store,16.0,5.0
ChIJhXODNAK3lUcR23EE1L3yVAQ,Cell phone store,,
ChIJq6rqKgK3lUcR-ysTKV_h1Qo,Cell phone store,,
ChIJXxxq-gO3lUcRmiZy74fvBrY,Locksmith,46.0,4.6
ChIJ1wLY9_-3lUcRRtF2dlfK1mA,Moving company,13.0,3.5
ChIJDdbhN3W3lUcRrKcDrUbZqS0,Moving company,2.0,1.0
ChIJY8A9Rna3lUcRZn81HuEIzb4,Moving company,7.0,4.0
ChIJ2ZwanAe3lUcRf65fOBy27hU,Moving company,6.0,4.0
ChIJPeZ6KgK3lUcRfGXMmII6X-Y,Shopping mall,167.0,3.0
ChIJyQL9i663lUcR0OhkwDgJhZY,Shopping mall,976.0,4.2
ChIJBesWzQO3lUcROvJrwHwKVOc,Market,283.0,3.8
ChIJn8S1xgO3lUcR-9YvNBRLIqU,Department store,2.0,5.0
ChIJay9BpQO3lUcRIH-l_hkGsSs,Department store,4.0,5.0
ChIJ3almhwG3lUcRKQDjhSOdxOg,Department store,,
ChIJaY28XFq3lUcRKc2YTXE1ioQ,Department store,1.0,2.0
ChIJU4TIG763lUcR7SGgLtoiM0o,Travel agency,15.0,4.2
ChIJCwsKzgO3lUcRlCjceUHrIg0,Travel agency,,
ChIJZTVhGBC3lUcRPUFOXzcsJ3o,Travel agency,3.0,5.0
ChIJYQpykwS3lUcRCiM2kY7qn8c,Travel agency,1.0,5.0
ChIJOwXqRAe3lUcRrW7sbOZyOfo,Travel agency,1.0,4.0
ChIJAZ1kpAO3lUcRqp22BI5BeeQ,Optician,13.0,4.9
ChIJs7OtWQK3lUcROO8pYjldpAM,Optician,8.0,4.9
ChIJa9HUzQO3lUcRys-0e_A3UhQ,Optician,25.0,3.9
ChIJpTb_V6q3lUcR0aM6KfS59vo,Optician,,
ChIJJa0lgsm3lUcR3CyuqtuyP-g,Internet marketing service,4.0,5.0
ChIJVbEl9hG3lUcREbpsbHk2AFc,Sign shop,1.0,5.0
ChIJiyoD42e3lUcRSvN2rfBtlb0,Aged care,7.0,3.9
ChIJGd9lFaO3lUcRYkeLFndAvlM,Corporate office,,
ChIJl5pADwO3lUcRBWJDbTCu-Bk,Skin care clinic,,
ChIJcz5PUt22lUcRDTkFA7mDpxE,Medical clinic,,
ChIJZ2oo3hO3lUcRUUcFFsS1-C0,Car wash,104.0,3.6
ChIJWxoS21O2lUcRH66aSTgCfGs,Car wash,5.0,4.4
ChIJc2zibhG3lUcRwS38FL8wUq4,Shipping and mailing service,3.0,5.0
ChIJU4GWHAO3lUcRrWPtA7y2nVE,Shipping service,,
ChIJ5wssbqe2lUcRgS7UI_k7bZI,Shipping service,1.0,1.0
ChIJXWEmlPu2lUcR6uzN5XyE2gs,Shipping service,,
ChIJOeTHQxu3lUcR_nyny0huFTc,Print shop,7.0,4.3
ChIJiUEKgQG3lUcRuhauuY94eEM,Post office,296.0,4.1
ChIJn_SCMAG3lUcRvJM5ptVgt7w,Educational institution,,
ChIJKeR4_hGulUcREQ0leu4pkXo,Educational institution,1.0,1.0
ChIJ0Utl5o-3lUcR6z8wtNipFNo,Educational institution,,
ChIJx30w2Au3lUcRgqjLM1b98Pw,Educational institution,,
ChIJnxk39dR9C0ER7jvfLRWNrXA,Educational institution,24.0,2.7
ChIJQW4Nid-2lUcRd91JEFxvoFQ,Educational institution,3.0,5.0
ChIJcxXVwau3lUcROhm9n37CoXs,Educational institution,,
ChIJGUAiqNi2lUcRl1_-I0Pqp1w,Educational institution,2.0,4.5
ChIJiyU1eam3lUcRW_RjbB7fnfo,Educational institution,1.0,5.0
ChIJtwVmBgS3lUcRlnb20K_x3xc,Educational institution,11.0,4.0
ChIJeyFybCK3lUcRejiHOo574M0,Educational institution,2.0,5.0
ChIJ6UkjVve3lUcRNnefejH1wJA,Educational institution,,
ChIJfUThhVO2lUcRcQMjs-iG4HM,Educational institution,10.0,4.9
ChIJcZb7cKm3lUcRXLRWS51IIRQ,Educational institution,7.0,3.9
ChIJj2Uhrwa3lUcRtfThStN5-T8,Educational institution,13.0,4.4
ChIJi4IX_dR9C0ERTcbCwdJ4KEc,Elementary school,3.0,4.3
ChIJVVVVgAG3lUcRfyqwKgQd51Y,School,2.0,3.5
ChIJ9dUAT1O2lUcR_aTHsbN2nmA,School,,
ChIJo-E5xta1lUcRamNzkVxxmEk,School,,
ChIJ9wMGNau3lUcRg2e8dXQc914,Computer support and services,4.0,4.0
ChIJxzYU5BK3lUcRNgnHQaVeHyA,Software company,,
ChIJCaIp28S3lUcRkmKdais_lMg,Software company,,
ChIJZVeDlvu2lUcRPYRoCwExfvw,Software company,,
ChIJ0xW3jRG3lUcRvnsS-u34L0M,Software company,10.0,4.9
ChIJRawS8g63lUcRpdae9k-4XIE,Software company,,
ChIJX0wfl_22lUcRA_uNj0hySGg,Software company,25.0,4.7
ChIJhw1ut9-2lUcRg0NFivGjj_Y,Software company,2.0,5.0
ChIJ__-jY1K2lUcRTy53tOs-R2c,Software company,,
ChIJXWiLBRG3lUcRbPQrmZ2jswc,Software company,,
ChIJR5CGJAC3lUcRZZ00nNoiDTc,City or town hall,,
ChIJnRuLEru3lUcRl1IBEiv4lsY,Auto tag agency,,
ChIJLb_and-2lUcRdttk5bvBAS0,Tattoo shop,4.0,4.8
ChIJs0KP9gK3lUcRZvzinq9ITn0,Real estate agency,1.0,3.0
ChIJ8eDEru63lUcRG8FmmaHXF6s,Sheltered housing,,
ChIJN2l2DGW3lUcR6wDuAp1u_gc,Cemetery,,
ChIJEfHdHlC2lUcRrPN29pmu3AQ,Lake,2.0,5.0
ChIJOY2JY7K3lUcRcCNeNErgLcs,Lake,2.0,4.0
ChIJGXYfY-e2lUcRBMAuFE3eW1M,Lake,,
ChIJqfB5fdi2lUcREnQrERytEQk,Lake,2.0,3.5
ChIJr_VGJx23lUcRwp6iumpV5lk,Lake,2.0,4.5
ChIJ03B50gC3lUcRTNigLmGoeIU,Lake,,
ChIJ92LVeRe3lUcR3K6DNp4jLYQ,Lake,,
ChIJz3iiuw-3lUcRS6F2NJWHByg,Farm,1.0,5.0
ChIJr7wXlNi2lUcR6Yy2p0lntC4,Plastic surgeon,40.0,4.7
ChIJTfZmhVa3lUcR4p_k1Ve3LCI,Holiday apartment,2.0,5.0
ChIJCdhub8e3lUcR3F9eBWsZQX8,Holiday apartment,,
ChIJVVXJcA-3lUcRxR8gckVyJr4,Holiday apartment,5.0,4.6
ChIJK06i_M-2lUcRRuTFBeON31Q,Holiday apartment,10.0,4.8
ChIJnenDiRG3lUcRcNbRbUN5sBw,Holiday apartment,2.0,3.0
ChIJE2dEjdm3lUcRzk-Q2_U7qrU,Lodging,5.0,4.8
ChIJwUuGh123lUcRxgZgz1xiBdo,Lodging,2.0,5.0
ChIJ_VQG7C63lUcRTmC5qgkF4Sc,Waste management service,19.0,4.6
ChIJJfwB7gO3lUcRiS0cy9sOxMk,Speech pathologist,11.0,5.0
ChIJzYQNquG2lUcRF28Ep9gs3aQ,Self-storage facility,25.0,4.0
ChIJEYLXSNy2lUcRQKx_xvtmTwo,Dog breeder,3.0,2.3
ChIJf4dKMFO2lUcRuI-FE3dDmwE,Electronics store,5.0,3.4
ChIJq6pG1A63lUcRXOGjwcY5S1M,Electronics store,,
ChIJpc8xzB23lUcRbz34Yy_XHJg,Store,2.0,1.0
ChIJU5Gz0aa3lUcRLR0VAvOTuH4,Store,,
ChIJeyynPNJ9C0ER5b41i47d-8E,Store,72.0,4.9
ChIJVxJnowu3lUcRne-j00iCRqU,Store,,
ChIJBwqAixi3lUcR2QUKAgeK8nE,Store,4.0,4.8
ChIJ_d3KWb63lUcRRruzOEo_S5s,Electrical engineer,3.0,5.0
ChIJ3_JClf23lUcRVIK-dsrvXeE,Fitness center,84.0,4.8
ChIJJx_465W3lUcRcONZtqFWF9g,Gym,21.0,5.0
ChIJx_7yN0y2lUcRjsTh8K-Xijc,Mountain peak,2.0,4.5
ChIJI3mId1G2lUcR12lVWdY1E9k,Mountain peak,5.0,4.6
ChIJK-cnNVW2lUcRSjLdYRri2KM,Photography service,,
ChIJc9aTPSa3lUcRu01gbRaBFxA,Fire station,,
ChIJyYuYcwa3lUcR5NJqgRk5Gvs,Fire station,14.0,4.1
ChIJ55vYcBS3lUcRW5uYQMNze3M,Gas station,317.0,4.1
ChIJxQC_Ca63lUcRt7rH9BBh6sc,Vending machine supplier,,
ChIJm13xdBm3lUcRJ-gdWzVuB9I,Manufacturer,,
ChIJD5b-rGGxlUcRpxkDUNrBNyk,Manufacturer,,
ChIJqSgwKxC3lUcRXd-0bQA5Bto,Manufacturer,,
ChIJ9dQqm_i3lUcRtXiQwv4j1A0,Manufacturer,1.0,5.0
ChIJRS2Zow-3lUcRgPF7Yc6EXJ4,Manufacturer,,
ChIJtU5ExgO3lUcRVZq1cdjHYEQ,Manufacturer,5.0,3.8
ChIJ93wiAgS3lUcRkyT4uGAJOIM,Manufacturer,,
ChIJ4xzZ_ly3lUcRN9BELJHm1LI,Tailor,11.0,5.0
ChIJv626JTC3lUcRoWV00k5iKSs,River,2.0,3.5
ChIJxTFHkFa2lUcRMoC_0Utl6F0,Dentist,13.0,4.8
ChIJw_RdwAO3lUcRRo65InOerHE,Dentist,2.0,3.0
ChIJ62l31wO3lUcRv0vF8BXYmKM,Dentist,14.0,3.9
ChIJt8t-NQK3lUcRnQDq0J2gqLY,Dentist,,
ChIJx---dwO3lUcROIz2NNqS_io,Dentist,50.0,4.3
ChIJgwziyAO3lUcR1z7fL1kTncc,Dentist,35.0,4.0
ChIJvVoXMri2lUcRN2qYb1u9_3U,Dentist,,
ChIJpSLu2L-3lUcRG0aA9yAhrqQ,Dentist,1.0,4.0
